,Alignment,Intelligence,Strength,Speed,Durability,Power,Combat,tsne-one,tsne-two
0,good,50,31,43,32,25,52,-1.4900177,-0.04904232
1,good,38,100,17,80,17,64,-1.9499341,-7.7451196
2,good,88,14,35,42,35,85,-5.629761,-0.42651376
3,good,50,90,53,64,84,65,2.4765887,-10.445392
4,bad,63,80,53,90,55,95,-0.22436441,-10.549951
5,bad,88,100,83,99,100,56,3.4174848,-14.035218
6,good,63,10,12,100,71,64,4.1046085,-4.758302
7,good,1,1,1,1,0,1,-2.1687634,14.168622
8,good,1,1,1,1,0,1,-2.3994064,12.628994
9,good,10,8,13,5,5,20,0.31144303,7.1389
10,good,75,28,38,80,72,95,2.3203652,-6.3708277
11,bad,50,85,100,85,100,40,4.775681,-12.70149
12,good,63,80,23,90,98,32,2.5465217,-9.27488
13,good,1,1,1,1,0,1,-1.1032462,13.090864
14,good,63,10,17,10,7,55,-3.3977962,2.016855
15,good,1,1,1,1,0,1,-0.97895205,15.067948
16,bad,75,100,100,100,100,100,3.077175,-14.857596
17,bad,1,1,1,1,0,1,-0.85333115,14.52502
18,good,1,1,1,1,0,1,0.23061885,14.284043
19,good,63,13,46,64,17,42,0.72299564,-2.5231369
20,good,38,10,28,28,46,60,0.67180586,1.2542557
21,bad,1,1,1,1,0,1,-1.759479,14.180176
22,good,56,48,47,85,73,80,2.3020923,-7.038844
23,bad,75,80,47,56,59,64,1.0772969,-10.188499
24,good,100,10,23,28,32,32,-2.1132607,3.9020503
25,good,63,10,23,28,32,28,-0.8035708,2.6524508
26,bad,88,90,38,90,100,90,2.2132354,-12.181685
27,bad,1,1,1,1,0,1,-0.6837308,12.390242
28,bad,100,100,33,100,100,60,2.7241688,-12.271951
29,good,10,16,12,14,37,14,0.73948777,5.7330785
30,good,63,44,42,75,76,60,2.6646035,-6.7559214
31,good,63,80,50,80,65,80,0.29324707,-10.504138
32,good,1,1,1,1,0,1,-0.39039212,14.625486
33,good,63,13,58,64,28,42,0.63775504,-2.6605196
34,bad,38,63,23,42,52,70,-2.683447,-4.378849
35,good,50,10,12,14,72,28,1.0495425,3.6249607
36,good,50,63,12,80,55,54,0.70916045,-8.184066
37,good,1,1,1,1,0,1,-1.8402969,12.384283
38,good,1,1,1,1,0,1,-0.252169,14.134544
39,good,50,80,23,99,69,42,1.4449377,-8.992737
40,good,1,1,1,1,0,1,-2.543758,12.778792
41,good,38,10,23,28,38,42,-0.14140508,1.7186639
42,good,1,1,1,1,0,1,-2.8394086,14.452388
43,good,1,1,1,1,0,1,-2.726866,14.598475
44,good,1,1,1,1,0,1,-1.8522425,13.31739
45,good,1,1,1,1,0,1,-1.8584878,13.515117
46,good,50,15,83,56,69,56,6.427141,-2.2695684
47,bad,50,11,47,95,87,80,4.357795,-5.8095593
48,good,63,18,17,20,35,80,-4.1944437,0.54682475
49,good,1,1,1,1,0,1,-2.412409,14.992478
50,bad,88,53,23,56,51,95,-4.292742,-3.3040216
51,good,50,10,58,42,60,70,2.354761,-0.29721344
52,good,25,53,23,54,21,56,-1.9779736,-5.9170713
53,good,1,1,1,1,0,1,-2.6587074,13.42981
54,good,1,1,1,1,0,1,-0.8760449,14.080771
55,good,1,1,1,1,0,1,-2.0737617,14.79499
56,good,69,12,27,56,42,100,-5.26256,-1.3749017
57,good,1,1,1,1,0,1,0.023032652,14.511108
58,good,75,10,23,28,22,80,-4.9860954,0.46223637
59,good,100,18,27,42,37,100,-5.9396234,-0.71841276
60,good,88,11,33,28,36,100,-5.6746306,-0.37709355
61,good,50,53,35,74,48,74,-0.03205031,-7.4823427
62,good,1,1,1,1,0,1,-2.616682,13.101947
63,good,88,48,35,56,35,84,-4.270676,-3.239629
64,good,50,28,50,70,79,40,3.8300476,-4.94284
65,bad,1,1,1,1,0,1,-1.2679299,14.70967
66,good,10,7,8,10,90,40,1.750121,4.0233493
67,good,63,80,35,95,100,84,1.8497779,-11.755472
68,good,88,100,23,100,100,56,2.7549903,-12.03772
69,good,63,90,23,85,42,72,-1.0831848,-9.567209
70,good,38,10,12,32,22,64,-2.4075172,0.925961
71,bad,75,12,23,28,19,70,-4.8071413,0.7893515
72,good,63,36,33,60,23,40,-0.079716854,-2.1378703
73,bad,1,1,1,1,0,1,-0.51170117,13.497127
74,good,1,1,1,1,0,1,-2.2809854,15.247464
75,good,25,10,35,28,21,42,-1.3775948,1.0765208
76,bad,1,1,1,1,0,1,-1.9893106,15.3351755
77,bad,1,1,1,1,0,1,-2.415354,14.987062
78,good,1,1,1,1,0,1,-0.045877524,13.028754
79,good,63,14,23,75,85,65,4.2693267,-4.5714617
80,neutral,75,95,100,100,95,85,3.1842825,-14.680661
81,bad,1,1,1,1,0,1,-2.3774128,15.133232
82,bad,88,100,92,100,89,56,3.4837496,-14.153247
83,good,75,67,100,84,100,56,4.1506877,-13.629948
84,good,1,1,1,1,0,1,-2.0398848,13.171566
85,good,1,1,1,1,0,1,-0.67516476,15.235059
86,good,75,16,33,10,23,70,-4.616117,1.0947697
87,good,1,1,1,1,0,1,-1.1545925,14.641178
88,good,63,10,8,70,43,70,2.677991,-2.2683356
89,good,50,11,53,28,70,75,2.5150993,-0.10936856
90,bad,75,10,35,42,78,65,4.0132055,0.8040985
91,good,88,16,30,60,41,100,-5.640832,-1.258745
92,good,75,13,27,32,32,100,-5.310819,-0.37373924
93,good,1,1,1,1,0,1,-1.3458527,14.188996
94,bad,63,32,45,80,38,65,0.6995017,-5.469035
95,bad,38,10,35,32,20,56,-1.7827742,0.67734027
96,good,63,28,38,50,33,90,-4.551418,-1.5531243
97,good,1,1,1,1,0,1,-1.4023389,15.247844
98,good,69,14,12,90,52,28,2.693957,-4.0041466
99,good,50,8,20,28,55,64,1.8058885,1.2210269
100,bad,1,1,1,1,0,1,-2.1316001,13.910602
101,bad,1,1,1,1,0,1,-0.10624332,14.939847
102,bad,38,10,27,42,47,56,0.7576193,1.2026025
103,bad,10,83,23,95,26,72,-1.6642145,-7.635727
104,bad,63,80,33,80,84,84,1.4726189,-11.075354
105,good,50,10,50,80,66,64,3.939354,-4.2354436
106,bad,1,1,1,1,0,1,-0.8430742,13.859083
107,good,1,1,1,1,0,1,-1.0757037,15.398703
108,good,1,1,1,1,0,1,-0.42721665,14.65026
109,good,1,1,1,1,0,1,-1.4818854,15.309707
110,good,50,34,58,80,97,30,4.369637,-6.898344
111,good,1,1,1,1,0,1,-0.44641328,15.294369
112,bad,1,1,1,1,0,1,-1.6720772,15.284272
113,good,38,10,12,42,56,64,1.2805403,1.1782265
114,good,1,1,1,1,0,1,-1.4968156,14.608525
115,good,56,85,53,50,72,40,3.3002026,-9.784693
116,good,1,1,1,1,0,1,-2.0010655,15.336116
117,good,1,1,1,1,0,1,-1.6096706,14.21207
118,good,50,75,23,28,11,56,-2.6906812,-5.5396214
119,bad,100,28,63,90,60,75,-0.7138094,-12.346185
120,good,100,10,23,28,60,32,3.5996013,3.004165
121,good,1,1,1,1,0,1,-1.0688825,14.511828
122,bad,50,11,25,70,20,70,1.9285629,-2.3021753
123,good,63,28,25,10,45,35,-0.0050399005,2.982138
124,good,1,1,1,1,0,1,-2.4510825,14.64205
125,good,38,10,8,10,19,70,-2.7908974,1.3791536
126,good,88,48,23,56,100,80,4.683241,-8.34901
127,bad,63,53,23,42,45,85,-3.4165235,-3.181245
128,good,50,10,23,28,51,70,1.9460076,0.93138915
129,good,50,28,67,99,79,56,4.000682,-6.2710567
130,good,63,19,35,56,46,100,-5.083113,-1.5675739
131,good,1,1,1,1,0,1,-0.73943865,15.156747
132,good,75,77,50,60,31,80,-1.7698085,-8.732065
133,good,1,1,1,1,0,1,-2.0508304,13.276087
134,good,1,1,1,1,0,1,-0.24910237,15.000665
135,good,100,100,67,95,62,56,1.7116046,-13.821776
136,good,75,81,27,90,34,56,-1.3321483,-9.542987
137,good,1,1,1,1,0,1,-1.36517,13.355995
138,good,1,1,1,1,0,1,0.004941955,14.590984
139,bad,63,63,70,84,81,90,0.49757463,-12.163733
140,good,1,1,1,1,0,1,-0.2681628,15.069228
141,good,1,1,1,1,0,1,-2.106788,14.500338
142,good,63,13,33,28,24,85,-4.542751,0.15315016
143,good,1,1,1,1,0,1,-1.368873,13.151614
144,good,88,80,53,64,74,100,0.38696656,-11.312576
145,good,1,1,1,1,0,1,0.1527972,13.340138
146,good,50,10,20,80,57,64,3.418933,-3.8879707
147,bad,88,10,12,28,28,28,-2.1083078,3.8176036
148,bad,63,10,23,42,64,64,3.1559174,0.9542757
149,bad,1,1,1,1,0,1,-0.69379145,14.3888235
150,bad,1,1,1,1,0,1,0.17175643,14.306844
151,bad,1,1,1,1,0,1,0.17397885,14.368604
152,bad,1,1,1,1,0,1,-1.8423753,12.987461
153,good,50,80,47,56,42,99,-1.9249992,-8.595522
154,good,38,9,12,100,73,28,3.4241445,-4.7547836
155,good,1,1,1,1,0,1,-2.7582846,13.986558
156,good,63,10,47,64,74,56,4.1127825,-3.461523
157,bad,1,1,1,1,0,1,-1.4966369,12.293081
158,good,1,1,1,1,0,1,-1.4907608,13.698233
159,good,1,1,1,1,0,1,-2.2496622,14.08974
160,good,63,83,33,100,46,80,-0.68174213,-9.798851
161,good,1,1,1,1,0,1,0.04196753,12.987251
162,good,1,1,1,1,0,1,0.17757365,13.459949
163,good,1,1,1,1,0,1,-2.633524,13.914934
164,good,63,16,12,14,57,56,2.4773788,2.332476
165,bad,1,1,1,1,0,1,-1.8718948,14.612964
166,bad,1,1,1,1,0,1,-2.2798922,13.690395
167,good,75,53,42,85,72,64,2.36963,-7.762248
168,bad,75,93,92,100,100,80,3.196985,-14.509595
169,good,75,10,23,42,76,80,4.0429287,0.7252572
170,good,1,1,1,1,0,1,-0.95785207,15.208386
171,good,63,10,35,42,52,70,2.8848474,0.59137195
172,good,1,1,1,1,0,1,-2.9099884,14.456091
173,good,38,10,8,10,56,10,0.77094024,4.1674137
174,good,75,13,27,28,57,95,3.4394598,0.22268543
175,good,50,32,33,70,74,64,2.8585265,-5.725565
176,good,75,14,23,85,12,28,1.5586531,-3.1314068
177,bad,88,100,23,100,100,95,2.2663875,-12.106004
178,bad,1,1,1,1,0,1,-1.44593,13.576851
179,good,38,8,35,42,52,64,1.1192793,0.98417085
180,good,9,4,83,42,12,28,-0.95544136,-0.92435503
181,good,63,10,35,42,64,56,3.0805387,0.8833482
182,good,50,10,33,100,100,42,4.3376474,-5.477444
183,neutral,50,15,30,100,100,100,4.683555,-5.8067565
184,bad,50,10,23,28,47,80,2.1285746,0.6084939
185,good,69,32,30,70,40,60,0.8712375,-4.8785286
186,neutral,75,30,35,100,36,90,-3.5043938,-6.8303323
187,bad,50,48,42,35,54,60,-2.3467116,-3.329392
188,bad,50,95,58,98,90,70,1.6864835,-12.680177
189,good,50,12,12,56,48,56,2.4392939,-1.5550789
190,good,75,80,33,80,36,70,-1.2894078,-9.458327
191,bad,100,32,20,100,93,84,5.453806,-5.973431
192,bad,1,32,1,1,0,1,-2.1273892,17.588684
193,good,81,16,25,80,100,50,5.1070075,-5.490463
194,bad,1,1,1,1,0,1,-1.1206714,12.242682
195,good,100,10,12,84,100,60,5.3843236,-5.5383925
196,good,63,10,27,28,49,74,2.5985322,0.65814286
197,good,1,1,1,1,0,1,-0.9941194,12.332598
198,bad,8,63,60,95,62,84,-0.77648807,-8.168226
199,bad,88,95,83,100,100,80,3.1416013,-14.358821
200,good,88,32,42,95,100,42,4.981385,-6.2297854
201,bad,88,80,83,99,71,28,4.152977,-12.96084
202,good,38,32,12,90,20,14,1.4596511,-3.770108
203,bad,69,10,50,56,67,64,4.070744,-2.5482557
204,good,63,11,30,28,59,100,3.2450202,0.12285122
205,bad,50,8,12,42,63,42,1.2188845,1.9457142
206,good,38,10,27,90,41,42,2.6345692,-3.8299682
207,good,75,63,35,90,82,42,2.6215882,-8.579536
208,good,1,1,1,1,0,1,-1.4224764,12.835388
209,good,1,1,1,1,0,1,-2.6810412,13.387626
210,bad,50,32,33,70,78,64,2.945592,-5.735916
211,bad,63,81,28,28,100,70,2.8411365,-10.261791
212,bad,1,1,1,1,0,1,-0.7926803,13.95386
213,good,38,13,50,28,22,64,-1.8306247,0.31339392
214,bad,88,85,83,100,100,56,3.4676168,-13.868281
215,bad,88,95,75,100,87,90,2.8391664,-14.345801
216,good,38,28,45,28,20,70,-2.091645,0.029494554
217,good,1,1,1,1,0,1,-2.667555,13.50144
218,good,50,81,23,100,68,70,0.65113556,-9.366038
219,good,38,8,40,14,90,42,1.6582675,2.9507477
220,good,38,63,75,90,48,28,4.885527,-11.211929
221,good,50,8,54,55,71,32,4.0698824,-3.3017626
222,good,50,53,58,56,100,42,4.1806445,-7.773517
223,bad,1,1,1,1,0,1,-0.56488264,12.824413
224,good,1,1,1,1,0,1,-2.8633304,14.1287565
225,good,63,10,100,50,57,32,-0.28436777,-3.602792
226,good,63,10,100,60,66,32,-0.2352279,-3.6819012
227,good,63,10,100,60,83,32,-0.22154437,-3.7430558
228,good,63,10,100,32,59,48,-0.35485688,-3.5971982
229,good,63,10,12,28,12,48,-2.9651687,2.2798872
230,good,1,1,1,1,0,1,-0.3052877,13.766567
231,good,38,10,1,1,0,10,0.3021611,7.1169457
232,bad,63,53,35,100,38,52,-0.30925038,-6.852979
233,good,1,1,1,1,0,1,-2.147719,12.460137
234,neutral,100,100,83,100,100,70,3.2319763,-14.27489
235,good,63,10,23,28,55,84,3.002809,0.4297056
236,good,1,1,1,1,0,1,-0.18455487,12.76718
237,good,63,5,8,10,54,10,0.48407286,4.011736
238,bad,94,100,96,100,94,95,3.1356928,-14.758239
239,good,1,1,1,1,0,1,-0.52849036,13.306091
240,good,50,55,25,100,70,60,1.9548552,-7.7400284
241,good,1,1,1,1,0,1,-1.7566667,12.25866
242,good,1,1,1,1,0,1,-1.9833189,13.584102
243,good,1,1,1,1,0,1,-0.24246374,13.669921
244,bad,81,89,23,85,32,42,-1.5253674,-9.594278
245,bad,75,10,23,28,65,56,3.3396165,1.6702437
246,bad,50,34,47,72,39,56,0.577456,-5.257667
247,good,56,100,75,90,100,100,2.457154,-14.648742
248,good,1,1,1,1,0,1,-0.29715413,13.750037
249,good,1,1,1,1,0,1,-1.7652504,14.043394
250,bad,1,1,1,1,0,1,-1.1346219,14.227165
251,good,1,1,1,1,0,1,-0.7926682,13.794494
252,bad,1,1,1,1,0,1,-1.5743008,14.612387
253,good,50,32,33,40,72,30,0.6425507,-0.05467512
254,good,75,12,35,28,26,90,-5.174587,0.007788821
255,bad,75,48,35,48,38,28,-0.53982836,-2.0647788
256,bad,75,55,37,50,38,26,-0.59764403,-2.116919
257,good,1,1,1,1,0,1,-1.9896326,12.5631075
258,good,1,1,1,1,0,1,-2.5513422,12.901135
259,good,75,85,33,70,92,64,2.5283859,-10.90543
260,good,1,1,1,1,0,1,-2.4274125,12.579146
261,good,38,80,27,64,97,64,2.5633943,-10.062067
262,good,63,90,53,64,100,56,2.9201927,-10.710924
263,good,50,85,65,100,70,28,4.4963717,-11.671376
264,bad,81,12,23,42,30,80,-5.3694973,0.002273243
265,good,63,10,25,60,71,45,3.7158222,-3.2997346
266,good,38,38,35,95,36,42,-0.3983032,-6.0773506
267,good,50,12,23,14,26,80,-3.7224667,0.71458006
268,good,50,6,8,10,24,50,-2.825972,1.9835368
269,good,50,28,53,99,74,72,3.8219955,-6.200073
270,good,1,1,1,1,0,1,-1.5750961,12.341444
271,good,1,1,1,1,0,1,-1.5982175,12.894526
272,good,1,1,1,1,0,1,0.2880631,13.857961
273,good,1,1,1,1,0,1,-1.127305,13.05841
274,good,63,53,23,85,30,75,-1.0886254,-7.076798
275,good,50,10,23,42,18,70,-2.72141,0.4476698
276,good,1,1,1,1,0,1,-2.679897,13.428196
277,good,63,100,46,85,67,100,-0.06631532,-10.814569
278,good,1,1,1,1,0,1,-0.7145145,14.172726
279,good,10,8,23,14,21,56,-1.9164798,1.5391147
280,bad,1,1,1,1,0,1,-1.1016606,13.727766
281,good,1,1,1,1,0,1,-2.8134549,14.599358
282,good,63,10,12,32,89,75,4.3136544,1.0452061
283,good,1,1,1,1,0,1,-0.69362044,13.021803
284,good,88,100,47,100,41,85,-1.1344587,-10.595415
285,good,56,10,63,70,74,42,4.194246,-3.6908102
286,good,69,10,23,28,34,95,-5.00578,-0.11975185
287,good,63,63,35,78,53,64,0.035660114,-7.584807
288,bad,38,13,25,80,66,50,3.3370109,-4.1359305
289,good,63,95,75,95,58,72,1.0347034,-13.268488
290,good,63,32,53,100,100,64,4.3670473,-6.2258306
291,good,50,10,100,60,63,60,-0.16243216,-3.7484245
292,good,38,28,17,40,66,50,1.058594,1.1748877
293,good,69,10,27,70,74,56,3.9385064,-3.7039561
294,good,75,23,35,42,43,100,-5.2292237,-1.200645
295,good,100,85,58,85,100,64,2.8716712,-13.167385
296,bad,88,63,25,90,57,56,1.7455996,-8.319655
297,good,1,1,1,1,0,1,-1.2317832,13.5168495
298,good,75,48,75,46,43,56,-1.1206716,-4.4684844
299,good,1,1,1,1,0,1,-1.4551879,12.136771
300,good,63,55,100,30,70,30,-0.5862862,-3.8860316
301,good,6,34,67,80,69,6,5.5969152,-8.298851
302,good,100,80,67,100,100,70,2.8534281,-13.545989
303,good,75,10,35,42,61,72,3.5147803,0.6850953
304,good,1,1,1,1,0,1,-2.788842,13.883593
305,bad,1,1,1,1,0,1,-1.533749,15.545905
306,good,38,38,23,80,23,20,1.3353643,-3.7669823
307,good,88,10,8,10,14,10,-2.184346,4.0411735
308,good,1,1,1,1,0,1,-3.4109247,16.370775
309,good,50,80,27,64,94,54,2.673055,-10.031246
310,good,75,12,35,28,65,80,3.6627638,0.589616
311,bad,100,10,12,56,22,90,-6.152384,-0.6160079
312,good,63,12,27,32,31,42,-0.82895404,2.2613022
313,good,56,8,22,20,66,90,3.1538856,0.29951298
314,neutral,44,100,42,100,74,70,0.5055848,-9.97512
315,bad,50,38,17,90,71,30,3.1826742,-5.154619
316,good,50,10,33,70,55,30,3.0055535,-3.5017204
317,bad,100,48,58,70,71,70,-0.48547053,-12.193841
318,bad,25,7,12,14,100,40,1.8215761,3.8253133
319,good,10,10,23,14,21,56,-1.9141252,1.5350943
320,good,25,4,92,42,13,30,-0.93325204,-1.0232301
321,good,1,1,1,1,0,1,-2.1752188,12.686453
322,bad,25,48,33,85,36,60,-0.99662346,-6.6147075
323,good,81,90,53,42,100,80,2.713694,-10.640233
324,bad,75,18,25,40,13,70,-4.999432,0.6474689
325,bad,63,38,33,100,62,60,2.5005412,-6.4458785
326,good,25,10,12,14,10,14,0.33470345,6.978648
327,bad,50,34,23,28,36,85,-3.4100933,-0.984637
328,bad,63,32,35,42,26,85,-4.2159057,-1.4094605
329,good,9,80,100,90,72,40,5.109955,-11.77686
330,bad,1,1,1,1,0,1,0.107917674,13.004956
331,bad,1,1,1,1,0,1,-1.0597259,13.24297
332,bad,100,10,12,14,58,42,3.4262874,3.0367851
333,good,25,5,12,14,62,14,1.0456095,4.3136487
334,bad,100,10,12,14,10,28,-2.2821407,3.9915783
335,good,38,10,35,28,65,42,0.9635166,2.0189624
336,good,38,10,23,28,60,42,0.899239,2.047676
337,bad,44,10,23,42,66,42,1.121838,1.825143
338,bad,75,53,35,56,31,28,-0.53457236,-2.1420064
339,good,1,1,1,1,0,1,0.24178965,13.6878
340,bad,38,51,27,70,40,56,-1.0068139,-6.51068
341,bad,88,83,35,100,95,85,2.21552,-12.20138
342,bad,88,57,47,85,85,56,2.929559,-8.564918
343,good,50,10,27,10,71,70,2.412122,1.1174252
344,good,44,55,23,95,35,64,-0.9293522,-6.9222817
345,bad,1,1,1,1,0,1,-0.18146136,12.751462
346,good,38,6,83,14,53,14,-0.7040353,-3.0192592
347,good,1,1,1,1,0,1,-1.7484617,14.161765
348,bad,75,36,60,84,60,56,1.3685696,-6.370625
349,good,63,32,35,84,51,64,1.4079741,-5.689452
350,bad,88,80,27,84,91,80,2.1927364,-11.8476305
351,good,50,48,23,64,66,72,1.9695992,-6.246586
352,bad,88,100,70,99,100,74,3.0339108,-14.015067
353,neutral,38,18,50,70,33,30,0.9350965,-2.7765431
354,good,50,32,8,100,98,40,3.7826552,-5.438419
355,good,63,44,35,42,38,70,-2.9252503,-2.9656775
356,bad,100,28,23,28,99,95,4.7565074,0.492368
357,good,100,100,96,100,100,85,3.2238016,-14.662189
358,good,63,85,47,42,100,80,2.6294653,-10.496574
359,good,1,1,1,1,0,1,-0.50705016,12.669574
360,good,75,73,35,80,62,100,-0.041312955,-10.835296
361,bad,75,95,83,85,90,70,3.298071,-13.728776
362,good,63,10,12,14,59,56,2.5071936,2.3330648
363,good,63,10,12,42,60,85,3.4376683,0.42201278
364,bad,75,90,35,56,67,75,1.210419,-10.4200535
365,good,50,10,12,14,60,14,0.69220024,3.9398339
366,good,75,34,35,70,35,56,0.742253,-4.8081546
367,good,38,10,12,42,58,64,1.3128556,1.1907997
368,bad,88,85,35,95,100,42,3.05438,-11.993528
369,good,56,62,54,70,55,70,-0.03830204,-8.076555
370,bad,75,53,23,95,74,64,2.2942867,-7.8757434
371,good,1,1,1,1,0,1,-0.61100745,12.365724
372,good,1,1,1,1,0,1,-0.62957263,12.400394
373,good,88,10,47,56,69,28,5.48652,-0.37532234
374,good,63,8,12,14,57,14,0.54277784,3.9261525
375,good,38,28,27,28,44,32,-0.23336866,1.5451033
376,good,63,67,47,56,79,42,3.341198,-9.565737
377,good,1,1,1,1,0,1,-4.258243,15.362397
378,good,63,32,23,80,62,42,2.924725,-4.833751
379,good,63,85,58,100,100,45,3.5822034,-12.416351
380,good,100,10,18,70,32,64,2.0156739,-1.8347491
381,bad,75,32,12,70,37,28,1.6522446,-3.2310925
382,bad,1,1,1,1,0,1,-0.81988645,10.595595
383,good,1,1,1,1,0,1,-0.81988645,10.595595
384,good,1,1,1,1,0,1,-0.81988645,10.595595
385,bad,1,1,1,1,0,1,-0.81988645,10.595595
386,bad,50,73,23,84,53,56,0.5108172,-8.639914
387,good,1,1,1,1,0,1,0.9725035,16.432888
388,good,50,10,35,14,48,90,2.2975657,0.12707046
389,good,50,36,23,42,28,75,-3.0593433,-1.1941348
390,good,56,67,47,52,79,80,1.7144302,-10.2825985
391,bad,63,60,35,42,59,56,-2.3862677,-3.7575397
392,good,1,1,1,1,0,1,1.9876403,14.472985
393,bad,75,28,12,42,55,56,3.055133,1.6925579
394,good,38,73,35,95,25,42,-1.5201795,-6.991726
395,good,63,80,47,52,70,80,1.3910903,-10.352305
396,good,38,63,23,84,11,56,-1.5991725,-6.8932385
397,good,63,11,23,70,28,62,2.0284169,-2.3923893
398,bad,75,10,23,42,50,56,3.0612562,1.4178146
399,bad,75,12,23,64,58,74,3.3770928,-2.214678
400,good,1,1,1,1,0,1,1.3273939,15.609036
401,good,50,85,42,42,41,64,-2.2744308,-7.9849524
402,good,50,72,47,70,30,70,-1.550603,-8.18568
403,good,50,80,32,80,100,100,1.6225948,-11.337977
404,good,1,1,1,1,0,1,0.662696,11.319827
405,good,75,11,23,42,25,100,-5.3557415,-0.5156566
406,good,50,10,47,14,52,80,2.242178,0.11910599
407,good,88,11,33,28,36,100,-5.6763825,-0.36757505
408,good,63,52,35,28,37,56,-2.525349,-3.1695657
409,good,63,5,8,10,54,20,0.53211504,3.9142756
410,good,1,1,1,1,0,1,1.3273939,15.609036
411,good,50,18,83,56,70,70,6.4235544,-2.1535015
412,good,38,60,100,100,100,25,5.045847,-12.222758
413,good,50,10,35,99,100,56,4.4332895,-5.5691137
414,bad,1,1,1,1,0,1,0.662696,11.319827
415,good,1,1,1,1,0,1,-2.564162,16.849058
416,bad,88,85,47,100,100,85,2.3039548,-12.5149555
417,good,75,11,23,28,19,76,-4.9203587,0.60938203
418,good,75,85,60,95,65,42,3.9422698,-12.211674
419,bad,1,1,1,1,0,1,0.662696,11.319827
420,good,1,1,1,1,0,1,1.3273939,15.609036
421,good,1,1,1,1,0,1,0.662696,11.319827
422,good,1,1,1,1,0,1,2.059242,14.506386
423,bad,75,10,12,28,30,45,-2.175264,2.923058
424,good,63,28,23,28,69,56,2.8245423,1.7058401
425,good,1,1,1,1,0,1,-0.8328241,16.947222
426,good,38,10,23,28,53,42,0.6643172,1.9867147
427,good,100,80,67,100,100,70,2.8677733,-13.55144
428,good,1,1,1,1,0,1,-0.8328241,16.947222
429,good,50,63,23,100,100,56,2.5609398,-8.705077
430,bad,50,10,23,28,60,42,1.0234307,2.108173
431,bad,69,14,23,14,71,36,2.3221288,2.914294
432,good,88,98,67,95,67,75,1.6848806,-13.642083
433,good,1,1,1,1,0,1,-3.4109247,16.370775
434,good,100,8,12,14,90,32,3.8176537,2.8951292
435,bad,63,38,23,48,22,28,-0.31506887,-1.7386421
436,good,1,1,1,1,0,1,-0.8328241,16.947222
437,good,50,16,23,28,22,100,-4.0220027,-0.15452759
438,bad,38,10,12,14,50,28,0.74713653,3.7599676
439,good,1,1,1,1,0,1,-4.2676897,15.709227
440,good,81,14,27,35,20,80,-5.249931,0.29189995
441,good,63,28,100,60,57,56,-0.26249567,-3.8403275
442,good,38,10,12,14,23,14,0.37918106,6.5445614
443,bad,100,28,32,42,27,100,-5.9666476,-0.76280266
444,good,63,4,8,10,52,10,0.4616597,4.019625
445,neutral,50,10,29,70,62,40,3.3283336,-3.6640291
446,bad,1,1,1,1,0,1,-0.8328241,16.947222
447,good,63,16,25,20,24,80,-4.3782325,0.5968659
448,neutral,75,12,23,28,24,95,-5.1952825,0.011329249
449,good,50,88,47,95,59,75,0.096307576,-9.88072
450,bad,25,10,23,14,20,56,-1.9901339,1.390778
451,good,81,11,27,32,29,80,-5.222909,0.20623305
452,bad,75,10,12,14,19,80,-4.718977,0.91561383
453,good,75,38,67,60,92,40,4.281997,-7.3742776
454,bad,1,1,1,1,0,1,-0.8328241,16.947222
455,bad,1,1,1,1,0,1,-0.8328241,16.947222
456,good,1,1,1,1,0,1,-3.4109247,16.370775
457,bad,25,80,43,90,37,85,-1.3659022,-8.115264
458,bad,88,11,23,28,19,95,-5.5729446,0.011155602
459,bad,100,10,12,14,10,14,-2.2416313,4.0311937
460,good,1,1,1,1,0,1,-0.8328241,16.947222
461,good,88,11,27,28,32,85,-5.495381,0.03340199
462,good,1,1,1,1,0,1,-1.6225303,13.745333
463,good,81,11,27,28,30,85,-5.2786007,0.13111752
464,good,69,8,33,16,29,65,-4.3729215,1.1596768
465,good,50,5,23,28,28,64,-2.5203385,0.8906454
466,good,75,10,12,28,80,80,4.229164,0.9844994
467,good,38,10,27,32,21,90,-3.3547068,0.138819
468,good,75,10,29,20,23,80,-4.8803315,0.5893393
469,bad,55,53,25,90,28,100,-3.0330694,-7.221828
470,good,75,10,12,14,28,56,-3.3131356,2.2926066
471,neutral,50,75,47,97,62,56,0.69273335,-9.224687
472,good,75,80,23,56,15,42,-2.494423,-6.258046
473,good,63,70,54,85,49,72,-0.30549926,-8.945475
474,bad,81,10,12,14,48,50,2.7713356,2.807699
475,good,75,53,60,74,39,56,0.39013618,-6.3358335
476,good,88,55,60,40,30,56,-1.4043524,-4.4088917
477,bad,88,10,23,42,67,28,3.7480202,2.8292694
478,bad,38,28,42,28,34,28,-0.6125291,1.1387364
479,bad,50,52,60,85,49,80,-0.18885793,-7.903858
480,good,75,80,58,84,97,54,3.2798612,-12.660905
481,good,75,12,27,100,100,75,4.966472,-5.6611085
482,good,88,8,21,25,69,70,4.0390453,1.2577531
483,good,63,12,30,50,25,100,-5.0427103,-1.0279989
484,good,63,48,45,64,42,84,0.0021560844,-6.534594
485,good,69,100,42,100,33,70,-1.2077948,-10.000434
486,good,1,1,1,1,0,1,-1.1306291,12.416067
487,bad,63,10,23,70,63,56,3.6032276,-3.5447638
488,good,50,10,23,28,45,42,0.22156705,2.0367403
489,good,1,1,1,1,0,1,-2.7172093,10.9061365
490,good,50,57,25,52,19,70,-2.387432,-5.562657
491,good,1,1,1,1,0,1,-4.403714,13.1914425
492,good,1,1,1,1,0,1,1.7733897,13.295444
493,good,50,28,35,42,34,42,-0.7571195,0.14495654
494,bad,75,80,53,64,100,56,2.9944208,-10.857909
495,bad,38,10,12,14,55,28,0.8331654,3.7603385
496,bad,1,1,1,1,0,1,-2.7172093,10.9061365
497,bad,38,8,47,28,50,42,0.30474812,1.4846853
498,good,50,85,27,90,62,85,0.0727667,-9.78306
499,good,50,32,27,42,63,52,1.0629154,0.47815692
500,good,50,34,23,46,20,56,-2.0704668,-0.83930975
501,bad,9,93,13,100,78,30,1.7844013,-9.100269
502,good,75,36,27,42,55,56,2.9830139,1.6275535
503,good,38,18,33,40,90,80,3.7740216,-0.5345611
504,good,75,60,50,90,100,95,1.3016363,-12.057779
505,good,1,1,1,1,0,1,1.7733897,13.295444
506,good,1,1,1,1,0,1,-2.7172093,10.9061365
507,good,1,1,1,1,0,1,1.615217,12.083606
508,bad,1,1,1,1,0,1,-2.7172093,10.9061365
509,good,63,38,60,65,46,75,0.33676556,-6.119736
510,good,88,55,60,74,58,85,-0.41613793,-11.996434
511,good,50,42,42,32,62,52,-2.13002,-3.1196556
512,good,1,1,1,1,0,1,-2.7172093,10.9061365
513,good,50,48,27,42,60,28,0.38090432,-0.4120782
514,bad,1,1,1,1,0,1,1.7733897,13.295444
515,good,1,1,1,1,0,1,-2.7172093,10.9061365
516,good,50,12,17,60,41,30,2.3160796,-2.871924
517,good,1,1,1,1,0,1,-4.403714,13.1914425
518,good,50,80,33,85,59,70,0.27668032,-9.369931
519,good,50,40,27,90,71,56,2.890804,-6.025555
520,good,81,82,53,90,64,64,1.5242631,-13.051924
521,good,69,10,54,10,17,10,-1.4438698,3.4890785
522,good,75,10,47,30,88,75,4.281619,0.7161508
523,good,63,80,47,56,37,84,-1.8139058,-8.605274
524,good,63,63,35,25,79,70,-2.571404,-4.0894156
525,good,8,1,1,10,65,40,1.5512011,4.2424474
526,good,75,95,83,90,84,60,3.4370422,-13.836463
527,bad,94,100,100,100,100,85,3.2309964,-14.689114
528,good,94,98,92,100,85,75,3.201606,-14.45086
529,good,100,100,100,100,94,85,3.2370985,-14.704189
530,bad,88,80,23,100,66,56,1.7371608,-8.709277
531,bad,75,10,12,28,91,56,4.3543434,1.5398248
532,good,75,67,23,28,74,56,-2.5759377,-4.0453663
533,good,38,10,45,28,62,60,1.3298864,0.9925076
534,bad,88,100,17,100,100,80,2.3861954,-12.050046
535,good,38,10,23,32,22,64,-2.2651877,0.78249866
536,neutral,63,14,17,10,12,80,-4.3083334,0.99782026
537,good,75,84,21,90,26,80,-1.3977468,-9.6367855
538,good,69,100,92,100,100,85,3.0935855,-14.6441555
539,good,75,83,70,84,100,70,3.3054497,-13.390553
540,good,50,32,27,32,14,70,-2.751969,-0.45056716
541,good,1,1,1,1,0,1,-4.403714,13.1914425
542,good,1,1,1,1,0,1,-4.403714,13.1914425
543,good,63,80,70,84,31,72,-0.94443136,-8.95876
544,good,38,81,32,64,26,54,-1.908606,-7.250237
545,bad,38,72,42,70,21,28,-1.8040041,-6.7588706
546,good,63,32,53,38,33,90,-4.3829417,-1.6263894
547,bad,100,10,23,14,10,14,-2.2058778,4.0166426
548,good,1,1,1,1,0,1,1.7733897,13.295444
549,neutral,50,34,58,56,49,28,0.58299017,-2.6642447
550,good,56,73,70,84,75,70,0.6749775,-12.0706
551,good,1,1,1,1,0,1,1.615217,12.083606
552,good,63,10,23,42,44,42,0.011558686,2.035232
553,bad,88,10,12,14,9,28,-2.2710426,3.9387662
554,good,50,80,35,70,35,80,-1.6616594,-8.413434
555,bad,88,83,42,100,100,64,2.663088,-12.42219
556,bad,50,80,23,84,72,64,0.92902297,-9.26203
557,good,1,1,1,1,0,1,-4.403714,13.1914425
558,good,1,1,1,1,0,1,-4.403714,13.1914425
559,good,1,1,1,1,0,1,-4.403714,13.1914425
560,bad,63,10,75,56,39,42,0.36279216,-2.9307146
561,bad,75,57,65,84,79,84,0.39852014,-12.140577
562,bad,50,57,47,70,54,56,0.15415594,-7.5530663
563,bad,63,73,35,90,66,56,1.08374,-8.990591
564,good,1,1,1,1,0,1,-4.403714,13.1914425
565,good,1,1,1,1,0,1,-4.403714,13.1914425
566,good,63,63,53,64,56,70,-0.00021466427,-8.122521
567,bad,1,1,1,1,0,1,-4.403714,13.1914425
568,good,10,4,12,28,65,14,1.2598078,4.484907
569,good,100,72,54,95,76,70,1.8716161,-13.085959
570,good,1,1,1,1,0,1,-4.403714,13.1914425
571,good,1,1,1,1,0,1,-4.403714,13.1914425
572,bad,63,22,47,56,40,56,0.6679325,-2.9737973
573,bad,50,28,8,50,11,20,-0.17983288,-1.4027133
574,good,63,80,63,100,100,85,2.021732,-12.903351
575,good,1,1,1,1,0,1,-4.403714,13.1914425
576,good,88,36,79,95,71,95,-0.49896753,-12.429255
577,bad,38,10,23,28,63,50,1.0572364,1.876582
578,good,38,72,47,70,26,84,-1.696827,-8.176166
579,good,63,8,58,52,23,42,0.56646353,-2.5049117
580,good,100,80,67,89,100,56,3.059928,-13.359741
581,bad,1,1,1,1,0,1,-4.403714,13.1914425
582,good,1,1,1,1,0,1,-4.403714,13.1914425
583,good,50,32,23,100,77,42,3.405487,-5.385764
584,bad,38,16,23,28,41,60,0.24510832,1.1978432
585,good,56,32,35,65,60,84,1.9186667,-5.9797325
586,good,1,1,1,1,0,1,0.12503368,13.611307
587,good,38,16,35,42,26,42,-0.9574845,0.6467176
588,good,55,32,38,100,44,100,-3.4289353,-6.9465923
589,good,75,90,25,80,39,60,-1.3281714,-9.58222
590,good,75,100,53,90,64,64,1.3025736,-13.014644
591,good,88,100,50,100,42,100,-1.0839324,-10.740066
592,good,1,1,1,1,0,1,-1.5251725,14.992182
593,good,10,10,12,1,1,56,-2.0476484,1.788527
594,good,75,24,35,90,27,85,-3.542321,-6.712866
595,good,88,53,53,95,92,84,1.1070404,-12.22261
596,bad,1,1,1,1,0,1,-0.8595698,13.052757
597,good,88,10,12,28,12,14,-2.1986198,3.9850986
598,good,50,10,35,28,31,28,-0.67280984,2.0692902
599,good,50,100,27,100,83,28,2.0730088,-9.280299
600,good,75,10,23,28,100,56,4.452552,1.4718295
601,bad,50,10,100,28,72,28,-0.4658204,-3.487269
